user-id,text,topic,thread-id,time,post-id,reply-to,reply-by
Minsa_Peru,ACTUALIZACI√ìN | Esta es la situaci√≥n del #COVID19 en Per√∫ hasta las 00:00 horas del 2 de agosto.‚Ä¶ https://t.co/dpPeNB14Bq,covid-19,1,2020-08-02 21:54:21,1290043285298323456,,Minsa_Peru
japc05," Pregunta, esos casos positivos adicionales de donde vienen de lo reportado de los gobiernos regionales fuera de las pruebas? o de las mismas pruebas pero que reci√©n se tiene el resultado?",covid-19,2,2020-08-03 23:42:32,1290432895899914245,Minsa_Peru,japc05
inesrias, Las pruebas r√°pidas no sirven y por eso muere mucha gente que s conf√≠a de esas pruebas,covid-19,3,2020-08-03 22:28:06,1290414165832736768,Minsa_Peru,inesrias
RichelDavey, Por qu√© en su base de datos de positivos aparecen casos en enero y febrero?,covid-19,4,2020-08-03 22:03:08,1290407884447191042,Minsa_Peru,RichelDavey
IVSSA2013, Alguien sabe donde el MINSA registra los datos por departamento d√≠a a d√≠a? .... Gracias,covid-19,5,2020-08-03 21:33:36,1290400449426849796,Minsa_Peru,IVSSA2013
Jhanes85823811," claro que s√≠ Hagan lo que dice la OMS y aprovechen para seguir R",covid-19,6,2020-08-03 18:53:56,1290360267034046465,Minsa_Peru,Jhanes85823811
armandospre, üò≠,covid-19,7,2020-08-03 17:44:46,1290342860869570565,Minsa_Peru,armandospre
Jasmin45439896," Ayer vi el reportaje de canal 4 donde el ministro de relaciones exteriores decia que ya habian negociado con laboratorios para la vacuna Espero que respondan pronto pero no se le vio muy convincente creo q nos estan dejando a nuestra suerte.",covid-19,8,2020-08-03 17:37:16,1290340973231452161,Minsa_Peru,Jasmin45439896
24franckcg," Cual es la verdadera cifra de infectados en la regi√≥n Hu√°nuco ambas la misma fuente pero diferentes cifras, casi duplicando lo que presenta su reporte. https://t.co/9xhDndGX1N",covid-19,9,2020-08-03 16:12:41,1290319689785147395,Minsa_Peru,24franckcg
caralram," Me resisto a creer que, no sean capaces de generar estrategias adecuadas para una buena gesti√≥n; m√°s bien creo que lo hacen a prop√≥sito, para luego decir que el sistema es malo y que hay que cambiar todo, empezando por la Constituci√≥n‚Ä¶üò°",covid-19,10,2020-08-03 15:25:09,1290307728745869312,Minsa_Peru,caralram
Ja_Bicho," Y no creen que esto ya se sali√≥ de control? En una semana van a ser medio mill√≥n de contagiados...",covid-19,11,2020-08-03 15:15:50,1290305383022473216,Minsa_Peru,Ja_Bicho
ivonnes54069364, Tanto dolor y sufrimiento nunca les compren medicina a los chinos comunistas .,covid-19,12,2020-08-03 15:10:59,1290304161347547136,Minsa_Peru,ivonnes54069364
PantaYamil," Lo que tenemos que es hacer es cuidarnos mas cada d√≠a y asi solo las xifras bajar√°n. Pero como oeruanos que somos respetamos las nornas, respetamos los acuerdos, respetamos la distancia. Ejm en los √≥mnibus hay distanciamiento.",covid-19,13,2020-08-03 14:19:01,1290291082559856640,Minsa_Peru,PantaYamil
jmpb031006, Comparaci√≥n Minsa y Regiones: https://t.co/5zT6BxwCJv,covid-19,14,2020-08-03 14:07:34,1290288202352414722,Minsa_Peru,jmpb031006
santino16_kim," Data falsa, hace poco la ministra dijo que eran m√°s de 40000 los muertos x Covid, y ahora sale 19000 que pacho. P√≥nganse de acuerdo eh.",covid-19,15,2020-08-03 13:58:45,1290285984941248513,Minsa_Peru,santino16_kim
Raymund46630361," ICA, CONTAGIO, PROPAGACION, INFECTACION, MORTANDA. S O S. ATR√âVETE",covid-19,16,2020-08-03 13:19:15,1290276044679688192,Minsa_Peru,Raymund46630361
JaJsaune," Cu√°nto carro√±ero. Quieren m√°s muertos.? Se usan criterios establecidos para pandemia. Arrinconan a un gobierno d√©bil para salirse de lo que debe hacer. M√°s muertos que cambia?. A la Confiep, al 70% de informales?.",covid-19,17,2020-08-03 12:34:51,1290264868948283392,Minsa_Peru,JaJsaune
lovernightly18," Y as√≠ sigue la libertad de: Convis con gente de pie, los domingos ingresan personas a restaurantes. Los ambulantes unos encimas de otros. De verdad a los gobiernos les importa algo? NO, solo su inter√©s propio. Y mientras tengan un pueblo ignorant tienen poder",covid-19,18,2020-08-03 12:34:36,1290264804507160577,Minsa_Peru,lovernightly18
marcelloqolqe, Ahora ya puede salir Martha Ch√°vez diciendo que ellos mataron menos que Mart√≠n Vizcarra.,covid-19,19,2020-08-03 11:30:16,1290248615198429184,Minsa_Peru,marcelloqolqe
RogerOficial5, Ojal√°  alg√∫n d√≠a se sinceren las cifras...,covid-19,20,2020-08-03 11:17:11,1290245325819539458,Minsa_Peru,RogerOficial5
RafaelAlonsoO," Los anuncios de decesos que realiza el Minsa a diario no necesariamente corresponden con la fecha exacta de la muerte. Seg√∫n el reporte del Minsa, el viernes 31 de Julio fallecen 196 personas Seg√∫n fecha de fallecimiento, el viernes 31 de julio se producen 161 decesos. https://t.co/fo40zZuzZq",covid-19,21,2020-08-03 11:12:33,1290244156195913728,Minsa_Peru,RafaelAlonsoO
JohnBuste, Cierren la econom√≠a esto va a ponerse peor ... ya colapso esto demuestra que el gobierno peruano fracas√≥ en la lucha contra la pandemia !,covid-19,22,2020-08-03 10:17:11,1290230223401697280,Minsa_Peru,JohnBuste
gatunacom, Que terror. üôè,covid-19,23,2020-08-03 07:21:24,1290185988128378882,Minsa_Peru,gatunacom
ZAMAEL7540, Muy lamentable situacion.,covid-19,24,2020-08-03 07:16:09,1290184667262529536,Minsa_Peru,ZAMAEL7540
Jona7master," Todo culpan al presidente, como si deber√≠an estar detr√°s de esa gente irresponsable que hace fiestas a escondidas, que que no respetan los protocolos en las calles, ni buses.Que los identifiquen y si se contagian que no les den atenci√≥n ni nadaüòí por inescrupulosos üòí y bestias https://t.co/O0LMUB2ilz",covid-19,25,2020-08-03 07:06:58,1290182354561052672,Minsa_Peru,Jona7master
Ericka47847760, Pero la Ministra de Salud dijo que la cantidad de fallecidos era aprox. de 43000 personas...en qu√© datos debo confiar? :s,covid-19,26,2020-08-03 06:06:47,1290167210468470784,Minsa_Peru,Ericka47847760
PamelaNievesPe1, Y seguimos en subida... Y eso que los especialistas dicen que a√∫n estamos en la primera ola de contagios... No quiero ni pensar c√≥mo ser√° la segunda ola!!!,covid-19,28,2020-08-03 05:53:01,1290163743419068417,Minsa_Peru,PamelaNievesPe1
FreddyEscobedo7,"@Minsa_Peru @camcesar @Agencia_Andina @DiarioElPeruano @noticias_tvperu @RadioNacionalFM Y para cuando una sala situacional real? Ya son 50,000 muertos aprox.",covid-19,29,2020-08-03 05:26:01,1290156950588727296,Minsa_Peru,FreddyEscobedo7
zapata_rebelde,"@Minsa_Peru @camcesar @Agencia_Andina @DiarioElPeruano @noticias_tvperu @RadioNacionalFM Digan d√≥nde, cu√°ntos, distrito x distrito, colaboren con la prevenci√≥n, s√≥lo con los datos precisos se podr√≠an tomar acciones. En m√°s de 3 meses siguen con la generalidad y un mapa del calor q no nos dice nada preciso?",covid-19,30,2020-08-03 04:53:33,1290148780931551233,Minsa_Peru,zapata_rebelde
elejalde_lucia, Cerquen las provincias!!,covid-19,31,2020-08-03 04:31:35,1290143252557918209,Minsa_Peru,elejalde_lucia
POLELPERRO," Atte EL PERRO @POLELPERRO https://t.co/Qb0K8bnk8G",covid-19,32,2020-08-03 04:06:02,1290136821280595973,Minsa_Peru,POLELPERRO
matiakko," Las personas en ves de comprar vanidades estos meses ( televisores, celulares , laptos) ya deben pensar en comprar su bal√≥n de oxigeno. Por q esta cagado la cosa . Son los primero en llorar q el gobierno haga algo .",covid-19,33,2020-08-03 03:46:53,1290132004386873357,Minsa_Peru,matiakko
cuycit4, Odio el Estado,covid-19,35,2020-08-03 03:37:15,1290129578317492226,Minsa_Peru,cuycit4
m59202422," 3657 casos en 24h,lean bien! https://t.co/ZyXK1m8609",covid-19,36,2020-08-03 03:23:19,1290126072802050049,Minsa_Peru,m59202422
riseraba, Lo bueno de todo tarde o temprano sabremos la verdad de cuantos fallecidos tenemos por que sus mentiras ya nadie se las cree,covid-19,37,2020-08-03 03:20:46,1290125430452756480,Minsa_Peru,riseraba
LafGarca3, Error de interpretaci√≥n es considerar una sola epidemia en todo el pa√≠s.  Lima y cada regi√≥n est√°n en etapas y comportamientos diferentes y al menos te√≥ricamente la mayor parte incomunicadas.,covid-19,38,2020-08-03 03:13:10,1290123515161653248,Minsa_Peru,LafGarca3
diegoSDB2010, cifra por regiones??,covid-19,39,2020-08-03 02:57:46,1290119641113587714,Minsa_Peru,diegoSDB2010
Marlon19977661," Lo unico que puede contener que siga subiendo es la cuarentena, el Peru es CHICHA, esperar que la gente por si sola haga algo es imposible, las cifras lo demuestras, pero el gobierno tiene que dar un bono universal real para que asi nadie salga, un bono por DNI y por 4 meses",covid-19,40,2020-08-03 02:50:53,1290117910573092864,Minsa_Peru,Marlon19977661
POLELPERRO, https://t.co/Q2xQUIcC12,covid-19,41,2020-08-03 02:50:31,1290117815500861441,Minsa_Peru,POLELPERRO
JennyCassio, Ya deber√≠a promover  #Deteci√≥nMasivadeCovidconPruebasMoleculares e implementaci√≥n de laboratorios porque estamos en desastre Sanitario en Per√∫ @MartinVizcarraC Pedro Cateriano y Pilar Mazzetti necesitamos que soliciten porfavor para que realicen las pruebas Moleculares,covid-19,42,2020-08-03 02:46:28,1290116799153897472,Minsa_Peru,JennyCassio
JuanJosePV," Los casos activos se elevaron a 115mil, el promedio de contagios por d√≠a 6,750, cambios en las medidas preventivas aplicadas por el estado en las √∫ltimas 2 semanas: 0 (cero). https://t.co/GsLBZaOR7D",covid-19,44,2020-08-03 02:34:40,1290113827514675200,Minsa_Peru,JuanJosePV
l0nW4R7," Que va a cambiar que sinceren 45.000 Chupetes, si igual sigues saliendo a contagiar a todo el mundo, as√≠ que mejor intenta cumplir con llevar mascarilla, distanciamiento social, no reuniones y porfavor no tomen desinfectante DIOXIDO DE CLORO.",covid-19,45,2020-08-03 02:28:15,1290112214314049537,Minsa_Peru,l0nW4R7
FtimaArroyo1," Al ver esa cantidad de casos confirmado, estoy DISPUESTA A SER VOLUNTARIA PARA LA VACUNA. ¬øD√≥nde me inscribo?",covid-19,46,2020-08-03 02:24:49,1290111351596048384,Minsa_Peru,FtimaArroyo1
navegante_peru, Doscientos seis fallecidos m√°s en el √∫ltimo d√≠a. Los hospitales han colapsado. ¬øQue esperan para corregir el relajamiento de las medidas sanitarias @MartinVizcarraC ? @Minsa_Peru .,covid-19,47,2020-08-03 02:10:46,1290107814455566338,Minsa_Peru,navegante_peru
JtcJujose, Qie tan exacto es este reporte....?,covid-19,49,2020-08-03 02:02:58,1290105852477636608,Minsa_Peru,JtcJujose
Progres_ooc, El inepto Vizcarra y todos los ineptos que lo acompa√±an en el gobierno son los culpables de las muertes.,covid-19,50,2020-08-03 01:56:11,1290104143961452545,Minsa_Peru,Progres_ooc
MiriamRodfeli, Hermanos del sur cuidense esto va a pasar con la ayuda de Dios todo va a mejorar resistan y cuidense!!üôèüèªüôèüèªüòî,covid-19,51,2020-08-03 01:49:52,1290102555658395649,Minsa_Peru,MiriamRodfeli
peruanodecentro," D√≥nde se puede ver el impacto del virus por rango de edad? ni√±os, adolescentes, adultos y ancianos...",covid-19,52,2020-08-03 01:37:58,1290099560727982080,Minsa_Peru,peruanodecentro
Martin_ParedesG," As√≠ como estamos, todos ya debemos tener el virus, s√≥lo que somos asintom√°ticos.",covid-19,53,2020-08-03 01:23:35,1290095941517598720,Minsa_Peru,Martin_ParedesG
Martin_ParedesG," Aqu√≠ lo importante es que no aumenten los casos de hospitalizaci√≥n.
Ac√° hay que ser sinceros, todos ya han salido, y f√°cil no han cumplido con los protocolos de bioseguridad, as√≠ que est√°n con el virus, somos asintom√°ticos.",covid-19,54,2020-08-03 01:22:19,1290095621563535360,Minsa_Peru,Martin_ParedesG
joseant02880466," Cifras reales 604,497 contagiados https://t.co/AeM9BmCXv6",covid-19,55,2020-08-03 01:10:29,1290092644337618945,Minsa_Peru,joseant02880466
anyrvp," Es en serio?, diecinueve mil fallecidos???? Corrijan ese error y aprendan a reconocer que se equivocaron, hay m√°s de 45 mil fallecidos, como me duele mi Per√∫, hasta cuando seguir√°n los ineptos en el poder",covid-19,56,2020-08-03 00:54:49,1290088698655076354,Minsa_Peru,anyrvp
ElHackerBaby1, veo en la calle como si ni ocurriera nada,covid-19,57,2020-08-03 00:49:19,1290087315889479681,Minsa_Peru,ElHackerBaby1
frama54, menos mal que en mayo est√°bamos en la meseta seg√∫n @MartinVizcarraC ü§•,covid-19,58,2020-08-03 00:41:18,1290085299335225345,Minsa_Peru,frama54
Jonatha56747430, Esto va a seguir solo queda rezar üôè,covid-19,59,2020-08-03 00:38:33,1290084606276857856,Minsa_Peru,Jonatha56747430
alquimista_r3, https://t.co/kHVuYcXL5e,covid-19,60,2020-08-03 00:33:29,1290083329954390016,Minsa_Peru,alquimista_r3
alejandroateo," la gente ya hace vida normal, veo publicaciones en fb o a vecinos haciendo reuniones como si nada y luego publican contra el gobierno",covid-19,61,2020-08-03 00:31:13,1290082762276233216,Minsa_Peru,alejandroateo
amigoperu76, Y probablemente las cifras reales sean mayores. Irresponsabilidad de la gente y falta de estrategias claras del gobierno para contrarrestar el contagio y Vizcarra no aparece para nada.,covid-19,62,2020-08-03 00:19:39,1290079852305948672,Minsa_Peru,amigoperu76
ymerztorres, üßê,covid-19,63,2020-08-03 00:14:44,1290078611505139712,Minsa_Peru,ymerztorres
LuisErn25221568, Todav√≠a. No s√© ve la mano de la ministra Mazetti todo esta igual a peor cuando los cambios doctora en usted recae nuestras vida o muerte de todos los peruanos,covid-19,64,2020-08-03 00:12:40,1290078094926127104,Minsa_Peru,LuisErn25221568
HugoRojasBravo, Y donde esta el q le pone el toke de humor al asunto ?? @warneriusko https://t.co/nHDyZquE7z,covid-19,65,2020-08-03 00:04:58,1290076154137686016,Minsa_Peru,HugoRojasBravo
titodelsur94," Hace rato...se sali√≥ de control. El gobierno de @MartinVizcarraC  ya NO da m√°s. Ha fracasado en la lucha contra la pandemia. Las consecuencias son CATASTR√ìFICAS.Pediremos SOS al mundo para que nos ayuden...!!@CNNEE @ONUPeru",covid-19,66,2020-08-03 00:02:54,1290075635868561408,Minsa_Peru,titodelsur94
Richardroc," Consulta: y de todos esos datos cuantos son de otra nacionalidad, ac√° en Per√∫ hay muchos venezolanos.",covid-19,67,2020-08-03 00:01:14,1290075214169038853,Minsa_Peru,Richardroc
LIchillumpa, Cu√°ntos contagiados hay en cada regi√≥n?,covid-19,68,2020-08-02 23:57:49,1290074356865998848,Minsa_Peru,LIchillumpa
jorgechavez5000," En total habr√≠a unos 12 millones de peruanos con el virus pero a√∫n falta para llegar ala inmunidad del reba√±o lo malo es que gente vulnerable son los que pagan las co secuencias  Y es muy simple deducir simple estad√≠stica muestreo universo y mucha l√≥gica",covid-19,69,2020-08-02 23:55:59,1290073896285122560,Minsa_Peru,jorgechavez5000
rymalessa20, Si difundieran mejor la informaci√≥n incluso por distrito la gente no estar√≠a tan confiada!!! Si no dicen nada es peor!!!,covid-19,70,2020-08-02 23:55:54,1290073871526137857,Minsa_Peru,rymalessa20
AlbertoHuamanG3, Y los trolls de VIZCARRA est√°n mudos no reclaman....Y los trolls de Zamora....es tan buscando chamba...Y los borregos donde est√°n...Y LA FAMOSA MESETA...se olvidaron.. cuantos peruanos dir√°n ahora ¬°¬°¬°CTM!!! Y dir√°n que es un insulto..,covid-19,71,2020-08-02 23:42:18,1290070449234178048,Minsa_Peru,AlbertoHuamanG3
RobertRL4," Quiero hacerme la prueba y a mis padres tambi√©n, soy de Ica. ¬øC√≥mo se solicita ello?",covid-19,72,2020-08-02 23:41:47,1290070320586473473,Minsa_Peru,RobertRL4 ctaperu, https://t.co/UL3I8w8rXq,covid-19,73,2020-08-02 23:38:32,1290069502160404480,Minsa_Peru,ctaperu
pollofrit0," Y las cifras siguen aumentando, es muy lamentable y triste.",covid-19,74,2020-08-02 23:38:26,1290069478571569153,Minsa_Peru,pollofrit0
diosasalvaje7," Ni wachiman chambea domingo media noche, por eso soltaron los datos temprano",covid-19,75,2020-08-02 23:36:24,1290068964681216001,Minsa_Peru,diosasalvaje7
ureategui," Mierda!!! Nadie nos para, somos un Soyuz!!!",covid-19,76,2020-08-02 23:33:09,1290068150193594375,Minsa_Peru,ureategui
Jhonycuestas68," Es terrible, no vamos bien, en ves de bajar estamos subiendo, ya deber√≠an anunciar una cuarentena focalizada por distrito, y los ni√±os no deben salir",covid-19,77,2020-08-02 23:31:46,1290067801080643585,Minsa_Peru,Jhonycuestas68
caracallacesar," A este paso antes del 31 de Diciembre ya se habr√° superado el mill√≥n de casos confirmados, por favor gente tomen sus precauciones.",covid-19,78,2020-08-02 23:31:34,1290067750879031298,Minsa_Peru,caracallacesar
dcwltelecom," Hasta cuando van a esperar, ordenen cuarentena o todos van a contagiarse, habr√° gran mortandad",covid-19,79,2020-08-02 23:29:05,1290067122807349249,Minsa_Peru,dcwltelecom
carla92526520," En otros pa√≠ses que hubo rebrote volvieron a cuarentena para que los hospitales no colpsen como Colombia y ac√° en Per√∫ sabiendo que los hospitales le falta tanto como infraestructura, medicamentos no se ha echo nada cada d√≠a muere gente algunos dejando hijos tan peque√±os",covid-19,81,2020-08-02 23:21:20,1290065172648738816,Minsa_Peru,carla92526520
Hugo35235893, o lo que es lo mismo decir que cuando no sepas explicar algo con claridad solo confunde...esta claro hacia donde van ...las cifras detalladas por regi√≥n  y por tipo de prueba para cuando se√±ores https://t.co/kWExmixoke,covid-19,82,2020-08-02 23:18:58,1290064579209248769,Minsa_Peru,Hugo35235893
Jaime_Stone_, ayer s√°bado mire un grupo de chicos se juntaban  para tomar cerveza üç∫ .  Pobre mi Per√∫ üáµüá™,covid-19,83,2020-08-02 23:09:37,1290062227425374208,Minsa_Peru,Jaime_Stone_
rgonzalesm,@Minsa_Peru @COENPeru @Agencia_Andina @DiarioElPeruano @noticias_tvperu @RadioNacionalFM #SinCienciaNoHayFuturo,covid-19,84,2020-08-02 23:03:53,1290060781686362113,Minsa_Peru,rgonzalesm
jLeonard920, Ahora si temprano csm,covid-19,85,2020-08-02 22:59:24,1290059656149127168,Minsa_Peru,jLeonard920
LINRAFAEL, Comparto la curva al 02 agosto. Exijo publiquen datos PCR!!! https://t.co/jHaAI83bAO,covid-19,86,2020-08-02 22:58:57,1290059542370213888,Minsa_Peru,LINRAFAEL
RenzoDeLince, https://t.co/okjFJIi8QR,covid-19,87,2020-08-02 22:57:53,1290059274429726720,Minsa_Peru,RenzoDeLince
Michdwg," Pregunto ¬øel pasa la prueba r√°pida, luego pasa la prueba molecular? √≥ ¬øde primera vez se pasa la prueba molecular?",covid-19,88,2020-08-02 22:57:35,1290059199297118210,Minsa_Peru,Michdwg
MonkeyDmono, Donde esta el perro pulgoso,covid-19,89,2020-08-02 22:54:42,1290058469895057410,Minsa_Peru,MonkeyDmono
JCastillista, Est√°n resucitando los muertos,covid-19,90,2020-08-02 22:52:45,1290057981481168897,Minsa_Peru,JCastillista
IamDavidDelgado, Deber√≠an sacar una estad√≠stica por edad.,covid-19,91,2020-08-02 22:51:24,1290057640488255488,Minsa_Peru,IamDavidDelgado
Federer00450981," Fuerza peruanos, sigue alta positividad en contagios y muerte, mantengamos la Fe, Dios ilumine a nuestros m√©dicos y enfermeras, deben estar agotados, se mantiene el peligro, cu√≠dense.",covid-19,93,2020-08-02 22:49:35,1290057184252854273,Minsa_Peru,Federer00450981
lsaldanao1," Ningun presidente d mundo lo controlara el virus. Ahora mismo hay un rebrote en Europa. De nada sirve tomar PM o rapidas si no hay un aislamiento a los positivos y contactos al 100 %. La solucion esta en tus manos: distanciamiento lavado d manos, mascara y quedate n casa si puede",covid-19,94,2020-08-02 22:46:28,1290056398886313984,Minsa_Peru,lsaldanao1
Alejand88652670," Que poca madre tienen, dos d√≠as seguidos publicando la estad√≠stica a media noche, y hoy a las 17:00 hrs. Estupudos!!",covid-19,95,2020-08-02 22:40:27,1290054887862972416,Minsa_Peru,Alejand88652670
jefryah, Por que ya no dicen el numero de pruebas rapidas y moleculares separados?,covid-19,96,2020-08-02 22:40:05,1290054792597798912,Minsa_Peru,jefryah
Criztofer_U, Ya valimos ya,covid-19,97,2020-08-02 22:39:48,1290054722108272640,Minsa_Peru,Criztofer_U
juanvilchezs," A este ritmo y con cifras del Minsa, poco confiables, en 30 d√≠as vamos a tener casi 200 mil infectados m√°s y 6000 muertos m√°s. Asumiendo que la cuarentena evit√≥ m√°s muertes y contagios ¬øQu√© ha planificado el gobierno para encarar la pandemia post cuarentena? En mi opini√≥n NADA",covid-19,99,2020-08-02 22:37:09,1290054055344001027,Minsa_Peru,juanvilchezs
RafpriSC, Veo que ya no sale el perro sarnoso de Warneriusko .. ¬øqu√© habr√° pasado? Vizcarra ya no le paga?,covid-19,100,2020-08-02 22:36:25,1290053870513610752,Minsa_Peru,RafpriSC
robavu, No tiene cuando parar ni en infectados ni en fallecidos !!!,covid-19,101,2020-08-02 22:35:48,1290053715894755329,Minsa_Peru,robavu
latialisura, Una consulta estoy buscando por distritos pero no sale por ning√∫n lado üòÆ alguien me puede apoyar üòî,covid-19,102,2020-08-02 22:33:51,1290053224611946496,Minsa_Peru,latialisura
mermajara," (+6667) Positivos , 3657 del 02-ago-20 y  3010 casos, son correcciones https://t.co/egXr0FfJPH",covid-19,103,2020-08-02 22:33:31,1290053143078809600,Minsa_Peru,mermajara
DarkzMatter," reacciona Per√∫ üò≠. las saliditas pueden esperar!. s√≥lo salgamos por cosas importantes!. luchemos para contener esta peste hasta que nos vacunen üò≠. paciencia, disciplina e higiene por favor üò≠üò≠üò≠.",covid-19,104,2020-08-02 22:31:25,1290052613853990913,Minsa_Peru,DarkzMatter
BlumenToto," la tragedia se agrava, ya somos EL TERCER PAIS MAS GOLPEADO DEL MUNDO, PRIMERO EN AMERICA... esto se mide solo con la Tasa de Mortalidad (muertes x millon de habitantes - deaths x1M) mayor a 610, por debajo de Belgica y Reino Unido, encima de Espa√±a Italia USA Francia Brasil Mex",covid-19,105,2020-08-02 22:28:37,1290051908175044609,Minsa_Peru,BlumenToto
WSpernova," Que las cifras, que el sinceramiento, mas que estar reclamando datos, porque esto tiene para rato..simple sino quieren ser parte de las cifras, cumplan los protocolos y el distanciamiento social.",covid-19,106,2020-08-02 22:28:17,1290051824725024768,Minsa_Peru,WSpernova
eldebito, Y aun no se puede hablar de rebrote...,covid-19,107,2020-08-02 22:23:46,1290050689163378688,Minsa_Peru,eldebito
KarlaYtala," Mi m√°s sentidas condolencias a los familiares de las v√≠ctimas del Covid_19.  A cuidarse, no bajar la guardia. #MuchoDependeDeNosotros",covid-19,110,2020-08-02 22:19:05,1290049508785741836,Minsa_Peru,KarlaYtala
Villa_Angelo02," Veo que la gente pide que ""sinceren"" las cifras, y yo me pregunto: Sincerando las cifras, ¬øLas personas dejar√°n de juntarse con sus amigos y familiares en sus reuniones, en plena pandemia? ¬øDejaran de ir a pasear a los centros comerciales, en plena crisis sanitaria? No creo...",covid-19,111,2020-08-02 22:18:39,1290049399490453504,Minsa_Peru,Villa_Angelo02
samuelitoxever," Es una pena que la gente muera por COVID, pero m√°s pena da que el MINSA nunca tuvo un plan para contener las otras enfermedades que corr√≠an a la par con el COVID. Se muere gente de otras enfermedades xq no llevan sus tratamientos..",covid-19,112,2020-08-02 22:17:13,1290049039761674240,Minsa_Peru,samuelitoxever
gonzaguilarsosa, https://t.co/AkuWlENqHj,covid-19,113,2020-08-02 22:16:29,1290048854033752064,Minsa_Peru,gonzaguilarsosa
Mendivil03, Que paso Minsa se cayeron de la cama ya esperaba el reporte a las 12 de la noche üòÅüòÅ,covid-19,115,2020-08-02 22:14:54,1290048453993811969,Minsa_Peru,Mendivil03
cholsenr," Ahora que salga la vieja lameculos  del minsa a decir que no hay rebrote y que todo est√° perfecto, mentirosos hijos de puta, vizcarra ratero corrupto",covid-19,116,2020-08-02 22:12:18,1290047802450616325,Minsa_Peru,cholsenr
corinaolanot, Y LOS MUERTOS DEL D√çA CU√ÅNTOS SON?,covid-19,117,2020-08-02 22:12:14,1290047783114686465,Minsa_Peru,corinaolanot
MarlonEm," El n√∫mero de muertos en las √∫ltimas 24 horas es de 206. Aunque, en promedio, es el doble la cifra, poco a poco se ir√° aclarando el asunto. Cuando el hombre renuncia a la justicia, a los valores fundamentales que sostienen su vida, a su esencia vital, renuncia a todo, est√° muerto. https://t.co/5FPA4FBvET",covid-19,118,2020-08-02 22:11:04,1290047489190453248,Minsa_Peru,MarlonEm
l_erazo," Las cifras me parece las manejan lo m√°s parecida a Europa para que no haya esc√°ndalo.,covid-19,120,2020-08-02 22:09:15,1290047033475100672,Minsa_Peru,l_erazo
miavitaviolenta,"Asi en azulito se ve menos alarmante, quedo tranqui.",covid-19,121,2020-08-02 22:08:21,1290046806336782336,Minsa_Peru,miavitaviolenta
levirey, "6667 nuevos casos en relaci√≥n a ayer. üòû,covid-19,123,2020-08-02 22:07:14,1290046527411388416,Minsa_Peru,levirey
Darwin07363360, Todo es una mentira de mrd,covid-19,125,2020-08-02 22:05:19,1290046045305442304,Minsa_Peru,Darwin07363360
felixroj, "Ojal√° que la ministra Mazzetti sea m√°s eficiente en ejecuci√≥n del presupuesto del Minsa que el incapaz e in√∫til de Zamora https://t.co/4YxUszkMRU,covid-19,126,2020-08-02 22:04:44,1290045898563567616,Minsa_Peru,felixroj
parapioggia," q comience a LLORAR LOS LLORONES DE SIEMPRE, porque el PERUANO nacio para LLORAR. Si tenemos a un presidente VIZCARRA inutil y a un pueblo q es alergico al agua y jabon, y no seguir las minimas reglas de bioseguridad como usar BIEN la mascarilla, distancia social, tiene UN CAOS",covid-19,127,2020-08-02 22:04:22,1290045805643149312,Minsa_Peru,parapioggia
CarlosM16438819, Bajaron las pruebas si fuesen 30 000 hubiese salido 7500 ha vieron la positividad es 25 % seremos mal esta semana ok...,covid-19,128,2020-08-02 22:03:57,1290045699778781185,Minsa_Peru,CarlosM16438819
LadyMiriam1805, Son 3600 del d√≠a y se agregan 3010 de d√≠as anteriores est√°n regularizando las cifras,covid-19,129,2020-08-02 22:03:30,1290045588604456960,Minsa_Peru,LadyMiriam1805
Judycastro2, Ojal√° no sea verdad que est√°n bloqueando la informaci√≥n a cient√≠ficos peruanos o no del extranjero.,covid-19,131,2020-08-02 22:03:06,1290045487932833792,Minsa_Peru,Judycastro2
EmilyQuetti," El 1 de agosto se realizaron pruebas a 26 098 personas,¬†de las cuales 3 657 resultados son positivos. Durante los √∫ltimos siete d√≠as se han confirmado 3 010 casos positivos adicionales. Sumando ambos resultados positivos tenemos un valor de 6 667 casos positivos.",covid-19,134,2020-08-02 22:00:53,1290044929524342784,Minsa_Peru,EmilyQuetti
TheHard46048725, Ese no es la verdadera cifra son 45000 muertes hijos de P U T A NO MIENTAN M√ÅS!!!!,covid-19,135,2020-08-02 22:00:32,1290044838436511745,Minsa_Peru,TheHard46048725
Judycastro2, Otro d√≠a sin departamentos,covid-19,137,2020-08-02 22:00:20,1290044788935278593,Minsa_Peru,Judycastro2
goyonato," 25% de positividad, esperemos que no suba m√°s, recuerden que tuvimos muchas semanas con 17%, 25 % es demasiado.",covid-19,138,2020-08-02 22:00:07,1290044737215500288,Minsa_Peru,goyonato
sweetcinnamon07, Wow! A punto de llegar al medio mill√≥n de infectados üòû,covid-19,139,2020-08-02 21:59:56,1290044687680712705,Minsa_Peru,sweetcinnamon07
juanitaTonce, ü•∫,covid-19,141,2020-08-02 21:58:34,1290044346113261568,Minsa_Peru,juanitaTonce
limadeayer, 6667 contagios en 24 horas...,covid-19,142,2020-08-02 21:57:44,1290044137660719104,Minsa_Peru,limadeayer
carlosfarfan81, Y as√≠ decimos que no hay re brote ?,covid-19,143,2020-08-02 21:57:43,1290044132589580288,Minsa_Peru,carlosfarfan81
Anon_Wolfs," Pico: 8.805 6.667 infectados.Ya baj√≥ la cifra.",covid-19,144,2020-08-02 21:56:27,1290043810920226816,Minsa_Peru,Anon_Wolfs
limadeayer," Veo a esta ministra m√°s centrada en la lucha contra esta enfermedad, pero tiene que ser un esfuerzo de todo el gobierno",covid-19,145,2020-08-02 21:56:11,1290043747187777538,Minsa_Peru,limadeayer
PatitaRR, Tan temprano?? Que pas√≥? Se cayeron de la cama???,covid-19,146,2020-08-02 21:55:47,1290043644775403523,Minsa_Peru,PatitaRR
Jess76838026, Cifras!,covid-19,147,2020-08-02 21:55:25,1290043550755721216,Minsa_Peru,Jess76838026
MauricioMR2002, Temprano jaja,covid-19,148,2020-08-02 21:54:34,1290043337882255360,Minsa_Peru,MauricioMR2002
JesusEduardoG,"@adrian38287977  Porque el MINSA est√° dando sus reportes como √∫ltimo d√≠a + √∫ltima semana.Por ejemplo hoy menciona 3657 del √∫lt. d√≠a + 3010 de la √∫lt. semana, entonces divido ese 3010/7 y lo asigno a cada uno de los 7 d√≠as previos. As√≠ hice igual con los datos reportados ayer y anteayer.",covid-19,2,2020-08-02 22:45:14,1290056087597649921,adrian38287977,JesusEduardoG
samuelitoxever,"@alanxicoch @Villa_Angelo02  El problema es que no se trata solo decir encierrence en sus casas, detr√°s de ellos debe existir medidas, pero el gobierno arruga tanto para distribuir las riquezas y para meter su ajuston a la gente, ya te olvidaste de la sanci√≥n q les daban a los militares",covid-19,2,2020-08-02 22:39:35,1290054667704008705,alanxicoch,samuelitoxever
Jose12ojas,@amigoperu76  El virus es incontenible es una perdida de tiempo y vidas intentarlo,covid-19,2,2020-08-03 05:03:20,1290151241767690243,amigoperu76,Jose12ojas
KelinVelazco,@amigoperu76  Que gente que sabe que tiene el virus o sus familiares que son sospechosos siguen saliendo a trabajar y diseminar al virus sin importarles nada,covid-19,3,2020-08-03 01:51:18,1290102915089145858,amigoperu76,KelinVelazco
KelinVelazco,"@amigoperu76  Y que estrategia funcionaria con tanta gente irresponsable e ignorante que no toma los m√≠nimos cuidados para no contagiarse, que prefiere tomar el di√≥xido de cloro y luego de 1 semana reci√©n van al hospital cuando ya es muy tarde, como les haces entender es imposible",covid-19,4,2020-08-03 01:49:37,1290102491070312448,amigoperu76,KelinVelazco
Mesinik,"@anajarav  Todos los d√≠as en promedio mueren 200, desde junio estamos con estas cifras.",covid-19,2,2020-08-02 22:54:49,1290058502342287360,anajarav,Mesinik
QUALIZER1,"@Anon_Wolfs  Imb√©cil, ojala te hubieran eysculado en el suelo",covid-19,2,2020-08-03 04:33:40,1290143774350295040,Anon_Wolfs,QUALIZER1
shelby_vc,@Anon_Wolfs  El pico fue mas 9000,covid-19,3,2020-08-03 03:33:22,1290128599291322369,Anon_Wolfs,shelby_vc
Rickyricon6969,@Anon_Wolfs  Domingo siempre hacen menos pruebas...,covid-19,4,2020-08-03 00:28:31,1290082081733783553,Anon_Wolfs,Rickyricon6969
JuanGalarzaC1,"@Anon_Wolfs  La positividad est√° en 26%. Analiza bien las cifras. Es obvio que mientras m√°s pruebas hagas m√°s contagios te saldr√°n. Si se hubieran hecho 46,000 pruebas en un d√≠a, ten por seguro que se superaba esos 8,800. Capisci??",covid-19,5,2020-08-02 23:33:46,1290068301884739584,Anon_Wolfs,JuanGalarzaC1
JeremyAC98,@Anon_Wolfs  Seg√∫n MINSA podr√≠a ser acertado este dato. Conociendo de qu√© pata cojean dudo de que suban una cifra diaria superior a esa.,covid-19,6,2020-08-02 23:16:56,1290064068665958400,Anon_Wolfs,JeremyAC98
EVELARDEN,"@Anon_Wolfs  Oe anda estudia....8805 fueron con 46166 pruebas....es decir de cada 100 pruebas hay 19 contagiados(19%)Hoy se han tomado 26098 pruebas y hay 6667 contagiados es decir 26% y en los √∫ltimos cuatro d√≠as ha estado en ese rango...esta subiendo y muy r√°pido ...!!!",covid-19,7,2020-08-02 22:26:35,1290051396700708864,Anon_Wolfs,EVELARDEN
ImCrema1999,@Anon_Wolfs  https://t.co/GpeNFeEJgS,covid-19,8,2020-08-02 22:23:19,1290050575141228544,Anon_Wolfs,ImCrema1999
nadiachj,"@Anon_Wolfs  No bajo! Se hizo menos testing, ayer como 30 mil hoy 26 mil",covid-19,9,2020-08-02 22:21:41,1290050163797417984,Anon_Wolfs,nadiachj
TheHard46048725,@Anon_Wolfs  No desinformes troll,covid-19,10,2020-08-02 22:01:26,1290045068569583617,Anon_Wolfs,TheHard46048725
c74260a87e7d47a,@Anon_Wolfs  Calla mongol,covid-19,11,2020-08-02 22:00:53,1290044929490780162,Anon_Wolfs,c74260a87e7d47a
CarlosM16438819,@Anon_Wolfs  Pero si bajo las pruebas tambi√©n amigo piensa ok...,covid-19,12,2020-08-02 21:58:09,1290044241310187521,Anon_Wolfs,CarlosM16438819
IAngelGD,"@Anon_Wolfs  En realidad est√°n contando los de la semana pasada, los del d√≠a se sigue manteniendo entre 3000 y 4000 solo que se suma eso",covid-19,13,2020-08-02 21:57:58,1290044195659366401,Anon_Wolfs,IAngelGD
MauricioMR2002,"@Anon_Wolfs  jajaja jaja que hablas? ""Baja la cifra"" Vuelve a nacer oe",covid-19,14,2020-08-02 21:57:36,1290044103590174722,Anon_Wolfs,MauricioMR2002
Beik__,@Anon_Wolfs  A d√≥nde?,covid-19,15,2020-08-02 21:57:19,1290044031762866176,Anon_Wolfs,Beik__
MagKarina,@Anon_Wolfs @EVELARDEN  Mmm que segura que si hay un rebrote no se pueda superar el pico que mencionas? ... adem√°s ese pico es muy relativo... Si decimos que la cantidad de muertes no es real... Que es del doble... C√≥mo saber que ese fue el pico? Si hay m√°s muertes es l√≥gico que tambi√©n m√°s casos,covid-19,2,2020-08-03 04:33:07,1290143635825074176,Anon_Wolfs,MagKarina
EVELARDEN,"@Anon_Wolfs  Nadie insulta...pero no te burles de la matem√°tica ... seg√∫n tu l√≥gica si hacen una prueba entonces habr√°n ""cero"" contagiados""....y dir√°s que desapareci√≥ el virus",covid-19,3,2020-08-02 22:31:03,1290052518680989696,Anon_Wolfs,EVELARDEN
KelinVelazco,@anyrvp  El exceso de muertes son 45 mil obviamente la mayor√≠a ser√° por covid pero las otras enfermedades tambi√©n no fueron atendidas por la pandemia muchos pacientes fallecieron por complicaciones y no por covid-19,covid-19,2,2020-08-03 01:45:25,1290101436198526977,anyrvp,KelinVelazco
rociolima2016,"@carla92526520  Lo mismo pienso deberia volver la cuarentena ac√° en Lima, pero al parecer el Presidente @MartinVizcarraC no quiere meterse con los grandes empresarios de la capital, +le importa la reactivacion economica q la salud parece q estuviera esperando q la gente muera en las calles!! üò†",covid-19,2,2020-08-03 00:36:38,1290084123428626432,carla92526520,rociolima2016
GStevenAC,"@carla92526520  El gran problema, es la informalidad que abarca mas del 50% en el pa√≠s. Eso nos juega en contra.",covid-19,3,2020-08-03 00:29:16,1290082272104689666,carla92526520,GStevenAC
Cesarto57347711,"@carla92526520  Eso es porque el estado ya no quiere cuarentena prefiri√≥ la econom√≠a en vez de la salud yo estoy  a favor de que vuelva la cuarentena, prefiero un pa√≠s que hizo lo que pudo para salvar vidas a un pa√≠s que no le importo los muertos sino que le importo m√°s el dinero",covid-19,4,2020-08-02 23:57:36,1290074300368609280,carla92526520,Cesarto57347711
Meruem42569954,"@carla92526520 @GStevenAC  Es que cuando mandas a cuarentena, en realidad estas mandando a los formales. Los informales ( 70% del pa√≠s) seguir√°n trabajando...",covid-19,2,2020-08-03 04:51:30,1290148261785767937,carla92526520,Meruem42569954
Milonk10,@carla92526520 @GStevenAC  https://t.co/qOTAbu8vI4,covid-19,3,2020-08-03 04:21:44,1290140773644558336,carla92526520,Milonk10
Milonk10,@carla92526520 @GStevenAC  Las personas no est√°n muriendo por Covid-19.,covid-19,4,2020-08-03 04:21:36,1290140737737293825,carla92526520,Milonk10
Milonk10,@carla92526520 @GStevenAC  De ninguna manera. üêëüêëüêëüêëüêë,covid-19,5,2020-08-03 04:21:20,1290140673145024512,carla92526520,Milonk10
Jortecus,@Coco_Vasquez @samuelitoxever  Se refiere a personas que por el Covid no han podido mantener su tratamiento,covid-19,2,2020-08-02 23:45:59,1290071376167018496,Coco_Vasquez,Jortecus
TheHard46048725,@Coco_Vasquez  Eso es la terquedad,covid-19,2,2020-08-03 05:34:46,1290159153944514560,Coco_Vasquez,TheHard46048725
Milonk10,@DarkzMatter  https://t.co/qOTAbu8vI4,covid-19,2,2020-08-03 04:23:31,1290141220417634304,DarkzMatter,Milonk10
MartinRatero,@DarkzMatter  CALA TROLL DEL MINSA FRENTE AMPLISTA HUEVON,covid-19,4,2020-08-02 23:06:23,1290061413080162304,DarkzMatter,MartinRatero
aldococo76,"@dcwltelecom  Con cuarentena o sin cuarentena igual la gente se va morir, mientras seas pobre y no tengas plata no te salvaras. Deber√≠amos estar reclamando le a Estados Unidos por soltar este virus en China, solo por joderle su negocio, ahora nadie compra en China y si compras te sale car√≠simo",covid-19,2,2020-08-03 23:30:20,1290429826172682241,dcwltelecom,aldococo76
MGTnoise,"@dcwltelecom  No funcion√≥ con la primera, segunda, tercera... t√∫ crees que la gente har√° caso a una m√°s ksjdjdjd ingenuo",covid-19,3,2020-08-03 04:57:53,1290149870213332993,dcwltelecom,MGTnoise
Milonk10,@dcwltelecom  Jajaja,covid-19,4,2020-08-03 04:38:31,1290144995660271616,dcwltelecom,Milonk10
Jesusxd27849440,@EmilyQuetti  Osea estan filtrando contagiandoa de la diresa??,covid-19,2,2020-08-02 22:04:35,1290045860244369408,EmilyQuetti,Jesusxd27849440
Hugo35235893,@Federer00450981  Ya nos olvidamos de salir a aplaudir al personal m√©dico a la 8 pm y eso es porque no hab√≠a un reconocimiento  aut√©ntico no pod√≠a haberlo en marzo esto reci√©n empezaba ahora es cuando el team de salud del Peru necesita nuestro apoyo moral,covid-19,2,2020-08-03 03:17:45,1290124670532898817,Federer00450981,Hugo35235893
dd_cv,@Federer00450981  te falto decir ILUMINE A LAS BESTIAS QUE NO SE CUIDAN QUE SON MUCHOS.,covid-19,3,2020-08-03 00:00:59,1290075151455772672,Federer00450981,dd_cv
Anon_Wolfs,"@JuanGalarzaC1  Que lo hagan.Soy consciente que hay m√°s de 5M de casos a nivel nacional.",covid-19,2,2020-08-02 23:37:07,1290069146525265922,JuanGalarzaC1,Anon_Wolfs
ChrisVillarAL,@KevinRui_Z  Para q vayas a descansar temprano hoy domingo,covid-19,2,2020-08-03 00:22:25,1290080548350652417,KevinRui_Z,ChrisVillarAL
edugdomenack,"@KevinRui_Z  Solo te agrego un dato m√°s. El n√∫mero de fallecidos m√°s altos por d√≠a es de 206 que fue el 11/06. Hoy, 02/08, acabamos de igualar esa cifra.",covid-19,3,2020-08-02 22:55:33,1290058686933565441,KevinRui_Z,edugdomenack
Mesinik,"@KevinRui_Z  Todos los d√≠as hay m√°s de 200 muertos. Al paso que vamos para junio 2021 el covid se habr√° llevado 73,000 peruanos m√°s lo que faltan agregar. Dios nos libre!",covid-19,4,2020-08-02 22:52:53,1290058013244395520,KevinRui_Z,Mesinik
KevinRui_Z, Correcci√≥n: La positividad es de 25.55%,covid-19,5,2020-08-02 22:13:01,1290047983908618242,KevinRui_Z,KevinRui_Z
KevinRui_Z, Correci√≥n: La positividad es de 25.55%,covid-19,6,2020-08-02 22:12:14,1290047786931478533,KevinRui_Z,KevinRui_Z
KevinRui_Z, üö®Se est√°n analizando las discordancias en el sistema con respecto a las cifras por lo que se espera un aumento mayor en los pr√≥ximos d√≠as.,covid-19,7,2020-08-02 22:10:22,1290047313818206209,KevinRui_Z,KevinRui_Z
SERZZ22,"@KevinRui_Z  Si sumamos la cifras de positivos en los √∫ltimos d√≠as, es realmente alarmante.",covid-19,8,2020-08-02 22:09:54,1290047197984075777,KevinRui_Z,SERZZ22
05_wally,@latialisura  @rparrawong  ah√≠ puedes ver por distrito c√≥mo van los contagios.,covid-19,2,2020-08-03 01:27:01,1290096803195392003,latialisura,05_wally
DianaVasquezVll,"@latialisura  Esa informaci√≥n la puedes sacar de los datos abiertos del @Minsa_Peru aqu√≠ https://t.co/VSMcXgyTZd lo √∫nico malo es que la culegan con 1-2 d√≠as de rezago (por ejemplo, los datos que subieron hoy tienen los positivos acumulados al 31/07).",covid-19,3,2020-08-03 00:42:51,1290085688205905920,latialisura,DianaVasquezVll
al_ahly21,@leoquirozc @limadeayer  Por su culpa y sus est√∫pidas pruebas r√°pidas estamos as√≠.,covid-19,2,2020-08-02 22:09:52,1290047187385286656,leoquirozc,al_ahly21
JeremyAC98,@MaraC13439878 @SERZZ22 @KevinRui_Z  Lo peor que la prensa lo toma como si fueran datos de ahora pero sin embargo han hecho una chanfaina.,covid-19,2,2020-08-02 23:33:42,1290068287879929856,MaraC13439878,JeremyAC98
JeremyAC98,@MaraC13439878 @SERZZ22 @KevinRui_Z  Lo que est√°n haciendo m√°s causa confusi√≥n que otra cosa.,covid-19,3,2020-08-02 23:32:32,1290067994190610432,MaraC13439878,JeremyAC98
Milonk10,"@samuelitoxever  No, lo siguiente: muchas personas que """"mueren por Covid-19"""" realmente han muerto por otras enfermedades, al detectarles material gen√©tico en las PCR.Eso tambi√©n lleva a realizar el tratamiento equivocado, intub√°ndolos, reventando sus pulmones.AS√ç INCREMENTAN LAS CIFRAS.",covid-19,2,2020-08-03 04:37:18,1290144689509691392,samuelitoxever,Milonk10
Coco_Vasquez,"@samuelitoxever  jajaja ya ahora que no pueden echar la culpa del aumento de contagio de COVID al gobierno, por que hasta misma EXITOSA ya dice que ya es tema de la gente, que no le echen la culpa al gobierno, ahora tu ya metes tema de otras enfermedades, no digo yo, buscando 5 pies al gato",covid-19,3,2020-08-02 23:16:09,1290063867997859841,samuelitoxever,Coco_Vasquez
Milonk10,"@samuelitoxever  No, lo siguiente: muchas personas que """"mueren por Covid-19"""" realmente han muerto por otras enfermedades, al detectarles material gen√©tico en las PCR. Eso tambi√©n lleva a realizar el tratamiento equivocado, intub√°ndolos, reventando sus pulmones.AS√ç INCREMENTAN LAS CIFRAS.",covid-19,2,2020-08-03 04:37:18,1290144689509691392,samuelitoxever,Milonk10
Coco_Vasquez,"@samuelitoxever  jajaja ya ahora que no pueden echar la culpa del aumento de contagio de COVID al gobierno, por que hasta misma EXITOSA ya dice que ya es tema de la gente, que no le echen la culpa al gobierno, ahora tu ya metes tema de otras enfermedades, no digo yo, buscando 5 pies al gato",covid-19,3,2020-08-02 23:16:09,1290063867997859841,samuelitoxever,Coco_Vasquez
luisggzambrano,@samuelitoxever @Villa_Angelo02  lo qque van a decir es esto... a son apenas 40mil y todos los a√±os mueren personas es normal y siguen de ignorantes en las calles arriesgando sus vidas pensando en un contagio reba√±o y en una falsa realidad,covid-19,2,2020-08-03 02:33:25,1290113513646698502,samuelitoxever,luisggzambrano
CarbonellLupe,"@samuelitoxever @Villa_Angelo02  Lo est√†n pensando 2 o 3 veces? No que me mientan,pero qui√©n que tenga dos dedos de frente no se da cuenta que han muerto muchos. No necesitamos la cifra exacta.  Por dios.",covid-19,3,2020-08-03 00:07:40,1290076835372511232,samuelitoxever,CarbonellLupe
kmiovich,@samuelitoxever @Villa_Angelo02  para eso el peruano tiene que pensar y tener civismo europeo o m√≠nimo como Chileno y eso no va a pasar,covid-19,4,2020-08-02 23:55:54,1290073874734804993,samuelitoxever,kmiovich
dd_cv,"@samuelitoxever @Villa_Angelo02  ya pues.. estamos en el Per√∫ NO EN JAP√ìN O AUSTRALIA ,a ca la ala gente le importa una mierda si se contagia o no .si sinceran las cifras o no.",covid-19,5,2020-08-02 23:54:46,1290073589887021057,samuelitoxever,dd_cv
Coco_Vasquez,"@samuelitoxever @Villa_Angelo02  que hablas oe, estas en marte o que, estamos en PERU, no estamos en pais de ASIA, aca ni lo penso, ni lo piensa, ni lo pensara, localmente no mas, en Arequipa denuncian tanto que esta colapsado y que hay muchos contagiados acaso por eso han dejado de hacer fiestas alla, no ves tv",covid-19,6,2020-08-02 23:25:51,1290066309032665088,samuelitoxever,Coco_Vasquez
reinadecapitada,@samuelitoxever @Villa_Angelo02  Como si con 20mil no bastara para impresionarse üôÑ,covid-19,7,2020-08-02 23:17:10,1290064124366295040,samuelitoxever,reinadecapitada
Cesarto57347711,"@samuelitoxever @Villa_Angelo02  Las cifras sincera do es de un aprox 550,000 mil contagiados",covid-19,8,2020-08-02 22:42:41,1290055449711005698,samuelitoxever,Cesarto57347711
FelixGtoh,"@samuelitoxever @Villa_Angelo02  Est√°s totalmente equivocado, ac√° en Arequipa la gente se comport√≥ mejor cuando no hubo la crisis que ahora y lo dice alguien que vivi√≥ eso en carne propia yendo de hospital en hospital y viendo como la gente era completamente irresponsable. No te enga√±es, el peruano es as√≠.",covid-19,9,2020-08-02 22:38:05,1290054289256148994,samuelitoxever,FelixGtoh
alanxicoch,"@samuelitoxever @Villa_Angelo02  Para el gobierno es un KO? Lol, es para toda la sociedad, sincerando no pasara nada, la gente no cambiara. Lo que si apoyaria es una nueva cuarentena. Al final cada uno baila con su propio pa√±uelo",covid-19,10,2020-08-02 22:34:09,1290053299526279168,samuelitoxever,alanxicoch
Villa_Angelo02,"@samuelitoxever  ¬øEn qu√© pa√≠s vives? Estamos en Per√∫!
Basta con darse una vuelta hoy , para ver como celebran cumplea√±os, reuniones, sus parrilladas, y eso que estamos con 20 mil muertos, y sobre todo que esta semana han dicho que las reuniones familiares se convirtieron en focos de contagio.",covid-19,11,2020-08-02 22:28:58,1290051997618409473,samuelitoxever,Villa_Angelo02
jcchabo,@samuelitoxever @Villa_Angelo02  Si con 20 mil muertos y cientos de miles de infectados no lo hacen. No seas pues. Eso de las cifras lo piden los imbeciles que quieren que culpen al gobierno simplemente para satisfacer un morbo cuando hay elecciones cerca.,covid-19,12,2020-08-02 22:25:50,1290051207482941440,samuelitoxever,jcchabo
PercyVega12,@sweetcinnamon07  Estas mal no es as√≠. Mira los cuadros.. Y miles son dados de alta entonces no exajeres.,covid-19,2,2020-08-02 22:53:06,1290058070463139840,sweetcinnamon07,PercyVega12
samuelitoxever,"@sweetcinnamon07  La cifra de contagiadoa ser√≠a mayor si el MINSA tuviera un plan, pero solo hacen ex√°menes a dedo y para colmo, puras pruebas r√°pidas...",covid-19,3,2020-08-02 22:19:09,1290049524203794433,sweetcinnamon07,samuelitoxever
Judycastro2,"@sweetcinnamon07  Ya deben haber 500 mil hace d√≠as, cu√°ntos sin detectar.... O no?",covid-19,4,2020-08-02 22:01:28,1290045074202456065,sweetcinnamon07,Judycastro2
LUISROM81568446,@TAGACAT  No las van a sincerar!,covid-19,2,2020-08-02 22:26:41,1290051421426135041,TAGACAT,LUISROM81568446
hombredeltiempo,"@TAGACAT  @TAGACAT 604,497 (casi 2% de la poblaci√≥n). Considerando los excedentes de fallecidos y los subregistros existentes, ¬øTe atrever√≠as a estimar un rango de contagiados en #Per√∫  en virtud de los ratios de fallecimientos en estudios de seroprevalencia?",covid-19,3,2020-08-02 22:18:32,1290049369874370560,TAGACAT,hombredeltiempo
TAGACAT, El porcentaje DIRESA-MINSA excluye Lima metropolitana,covid-19,4,2020-08-02 22:13:50,1290048188452179970,TAGACAT,TAGACAT
Angelesdlc,"@TheHard46048725  No vieron la conferencia de prensa de Pilar Mazeti. Las cifras van ha variar por lo motivos que, los que han fallecido anten que se hagan la prueva del covid, se va a sencirar, si alguien muere por un paro o otras circunstancias, se va a contar como covib 19",covid-19,2,2020-08-03 12:06:33,1290257748618289155,TheHard46048725,Angelesdlc
Milonk10,"@TheHard46048725  No, para nada.",covid-19,3,2020-08-03 04:34:50,1290144070237478912,TheHard46048725,Milonk10
Diegoa_Ayala,@TheHard46048725  Buena troll,covid-19,4,2020-08-03 00:23:16,1290080759106109441,TheHard46048725,Diegoa_Ayala
Coco_Vasquez,"@TheHard46048725  y? que va a cambiar que sea 45 o 50 mil los muertos, va a cambiar eso de que no haya mas infectado? si la misma gente irresponsable no cumple con no salir a la calle por la weba, salen hoy domingo como sino pasara nada, salen a pasear, domingo familiar dicen, el virus sigue aun..",covid-19,5,2020-08-02 23:18:56,1290064571290587136,TheHard46048725,Coco_Vasquez
JosLuis21927800,@TheHard46048725  Hoy puta de los 40 mil que dices descuenta otros tipos de muenrtes,covid-19,6,2020-08-02 23:09:44,1290062253371187201,TheHard46048725,JosLuis21927800
PercyVega12,@TheHard46048725  Si hay 45000. Ok. Ya estas tranquilo?,covid-19,7,2020-08-02 22:47:49,1290056741607022594,TheHard46048725,PercyVega12
Rical34072469,@TheHard46048725  Tu fuente.,covid-19,8,2020-08-02 22:44:40,1290055945691815936,TheHard46048725,Rical34072469
freezmaster,@TheHard46048725  no le creo nada al gobierno.. pero.... dame tus cifras... de donde salen los 45 000...,covid-19,9,2020-08-02 22:22:37,1290050395864064001,TheHard46048725,freezmaster
Miriam92294246,"@TheHard46048725  No lo pondr√°n ahora lo dijo la ministra, de aqu√≠ a un a√±o por lo menos se sabr√° con m√°s exactitud la cantidad, adem√°s ya todo el Per√∫ sabe que es por lo menos 46 000 a m√°s. No hagas berrinches...",covid-19,10,2020-08-02 22:16:13,1290048785943412736,TheHard46048725,Miriam92294246
levirey,"@TheHard46048725  El d√≠a que no veamos su tuit es porque la pelona ya se llev√≥ a este troll del 2019. La pena ser√°, que no se contar√°.",covid-19,11,2020-08-02 22:09:10,1290047014172897282,TheHard46048725,levirey
MiguelA28514277,@TheHard46048725  S√çIIIIII EL MUNDO SE EST√Å ACABANDOOOOOO URGENTE SOS LOS PERUANOS NOS ESTAMOS EXTINGUIENDO POR FAVOR YA NO QUEDAN M√ÅS PERUANOS AYUDAAAAAAAAAAAAAAAAAAAAAAAAAAAAAAAAAAAAAAAAAAAAAAAAAAAAAAAAAAAAAAAAAAAAAAAAAAAAAAAAAAAAAAAAAAAAAAAAAAAAAAA ES EL FIN DE LA HUMANIDAD,covid-19,12,2020-08-02 22:05:04,1290045980725792768,TheHard46048725,MiguelA28514277
feemar22,@TheHard46048725  As√≠ sean 100 mil fallecidos en que cambiar√≠a ?,covid-19,13,2020-08-02 22:01:30,1290045085455769604,TheHard46048725,feemar22
PioWarner,"@Villa_Angelo02  Sincerando las cifras se pueden tomar mejores decisiones
Ademas, quitaria la narrativa al gobierno que todo esta bajo control cuando NO LO ESTA, y la gente seria mas responsable",covid-19,2,2020-08-03 07:27:18,1290187470177308672,Villa_Angelo02,PioWarner
zapata_rebelde,@Villa_Angelo02  Por lo menos las municipalidades podr√≠an dirigir mejor sus acciones.,covid-19,3,2020-08-03 04:54:33,1290149032401092609,Villa_Angelo02,zapata_rebelde
luisggzambrano,"@Villa_Angelo02  te gustria que las personas fueran sinceros contigo o que siempre anden con mentiras, es bonito saber la realidad de lo que esta pasando en el pais y si a nadie le importa que el gobierno de las cifras reales entonces el gobierno se acostumbrara a mentirle al pueblo",covid-19,4,2020-08-03 02:31:01,1290112907934486530,Villa_Angelo02,luisggzambrano
payola73,"@Villa_Angelo02  No,  nada seguiran igual",covid-19,5,2020-08-03 00:53:08,1290088278583017474,Villa_Angelo02,payola73
Alessan73039582,"@Villa_Angelo02  Si no respetaron en plena cuarentena, mucho menos ahora que ya no hay...",covid-19,6,2020-08-03 00:47:56,1290086969670868992,Villa_Angelo02,Alessan73039582
Rickyricon6969,"@Villa_Angelo02  Con cifras reales se arm√°n planes reales, con cifras mentirosas los planes son mentirosos...",covid-19,7,2020-08-03 00:27:34,1290081840728952832,Villa_Angelo02,Rickyricon6969
bempwhats1,@Villa_Angelo02  Sincerar cifras hace que baje la popularidad de este gobierno y sus estrategias que a utilizado.,covid-19,8,2020-08-03 00:18:10,1290079478790553600,Villa_Angelo02,bempwhats1
CarbonellLupe,"@Villa_Angelo02  Pienso lo mismo que t√∫. Hace poco se sinceraron las cifras,algo cambio?NADA .Yodos so.os unos ego√≠stas. Si un familiar se contagia,lloramos,reclamamos ox√≠geno,camas UCI y m√°s. Pero antes, no evitamos reuniones,parrilladas o dejamos de festejar cumplea√±os. Ya pues!!!",covid-19,9,2020-08-03 00:04:38,1290076072713756674,Villa_Angelo02,CarbonellLupe
bjmc1974,"@Villa_Angelo02  En ning√∫n pa√≠s del mundo las cifras sin@sinceras s√≥lo los incr√©dulos y deficientes mentales se creen los@datos q se publican. El virus vino para quedarse y arrasar con todo aquello q es d√©bil y una carga pesada para el capitalismo. Este es el primer eslab√≥n luego hay m√°s, viene m",covid-19,10,2020-08-03 00:00:00,1290074906177097728,Villa_Angelo02,bjmc1974
Coco_Vasquez,"@Villa_Angelo02  ANGELO TIENES RAZON Y TE APOYO Y ES LO QUE LES INSISTO A ESTOS QUE SOLO SABEN CRITICAR, SEA 50 O 100 MIL MUERTOS, IGUAL A LA GENTE IRRESPONSABLE LES LLEGA ALTAMENTE, SIGUEN EN AGLOMERACIONES O HACIENDO FIESTAS, GENTE DE M... DESPUES NO LLOREN POR CAMAS U OXIGENO",covid-19,11,2020-08-02 23:20:43,1290065017715535873,Villa_Angelo02,Coco_Vasquez
SERZZ22,"@Villa_Angelo02  El sinceramiento de cifras representa y cambia las estrategias a tomar, focalizar lugares urgentes de atenci√≥n o distribuci√≥n de recursos ante esta crisis mundial.",covid-19,12,2020-08-02 23:16:26,1290063941251379200,Villa_Angelo02,SERZZ22
luchini_renato,"@Villa_Angelo02  As√≠ es ! As√≠ sean 100 mil muertos el peruano com√∫n y corriente seguir√° haciendo lo que est√° haciendo o sea mearse en las normas ,ignorar los cuidados parece ser la naturaleza del peruano com√∫n y corriente. @PanchoFierro11",covid-19,13,2020-08-02 22:57:16,1290059116350541828,Villa_Angelo02,luchini_renato
piet_diaz,"@Villa_Angelo02  Fallaron todos, pero principalmente el gobierno de turno. P√©sima estrategia, los resultados as√≠ lo confirman. Trist√≠simo todo esto",covid-19,14,2020-08-02 22:48:33,1290056923891589120,Villa_Angelo02,piet_diaz
samuelitoxever,"@Villa_Angelo02  Sincerando cifras la gente lo pensara 2 o 3 veces, o estas contento con q te oculten informaci√≥n, que debe ser publica, suficiente tenemos con q el estado solo realice pruebas r√°pidas que no son certeras...",covid-19,15,2020-08-02 22:20:53,1290049960050716672,Villa_Angelo02,samuelitoxever
